id,cluster,query,intent,target,status,priority
"001","telegram-play","play chess in telegram","play","/how-it-works","live","P0"
"002","telegram-play","telegram chess game","play","/how-it-works","live","P0"
"003","telegram-play","play chess on telegram","play","/how-it-works","live","P0"
"004","telegram-play","chess telegram mini app","play","/how-it-works","live","P0"
"005","telegram-play","telegram chess online","play","/how-it-works","live","P0"
"006","telegram-play","chess game inside telegram","play","/how-it-works","live","P0"
"007","telegram-play","play online chess through telegram","play","/how-it-works","live","P0"
"008","telegram-play","how to play chess on telegram","play","/how-it-works","live","P0"
"009","telegram-play","telegram chess app without download","play","/how-it-works","live","P0"
"010","telegram-play","telegram chess with real players","play","/how-it-works","live","P0"
"011","telegram-friends","play chess with friends on telegram","invite","/how-it-works","live","P0"
"012","telegram-friends","challenge a friend to chess on telegram","invite","/how-it-works","live","P0"
"013","telegram-friends","send chess invite link on telegram","invite","/how-it-works","live","P0"
"014","telegram-friends","telegram chess friend match","invite","/how-it-works","live","P0"
"015","telegram-friends","how to invite a friend to chess in telegram","invite","/how-it-works","live","P0"
"016","telegram-friends","play chess in telegram chat with a friend","invite","/how-it-works","live","P0"
"017","telegram-friends","chess game link for telegram friend","invite","/how-it-works","live","P0"
"018","telegram-friends","create a chess match invite in telegram","invite","/how-it-works","live","P0"
"019","telegram-friends","private chess match on telegram","invite","/how-it-works","live","P0"
"020","telegram-friends","telegram chess match with a friend","invite","/how-it-works","live","P0"
"021","ai-practice","play chess against ai in telegram","practice","/academy","live","P0"
"022","ai-practice","free chess ai practice","practice","/academy","live","P0"
"023","ai-practice","play chess vs computer in telegram","practice","/academy","live","P0"
"024","ai-practice","telegram chess bot practice","practice","/academy","live","P0"
"025","ai-practice","free chess practice against computer","practice","/academy","live","P0"
"026","ai-practice","chess ai game no download","practice","/academy","live","P0"
"027","ai-practice","play chess against computer on phone","practice","/academy","live","P0"
"028","ai-practice","beginner chess against ai","practice","/academy","live","P0"
"029","ai-practice","chess computer practice online","practice","/academy","live","P0"
"030","ai-practice","practice chess before playing people","practice","/academy","live","P0"
"031","free-puzzles","free chess puzzles online","solve","/academy","live","P0"
"032","free-puzzles","chess tactics puzzles free","solve","/academy","live","P0"
"033","free-puzzles","interactive chess puzzles for beginners","solve","/academy","live","P0"
"034","free-puzzles","solve chess puzzles on phone","solve","/academy","live","P0"
"035","free-puzzles","chess puzzle no download","solve","/academy","live","P0"
"036","free-puzzles","free tactical chess challenges","solve","/academy","live","P0"
"037","free-puzzles","chess puzzles in telegram","solve","/academy","live","P0"
"038","free-puzzles","beginner chess tactics practice","solve","/academy","live","P0"
"039","free-puzzles","chess puzzle with hints","solve","/academy","live","P0"
"040","free-puzzles","chess puzzles to improve calculation","solve","/academy","live","P0"
"041","mate-in-one","mate in one chess puzzles","solve","/academy#challenge","live","P0"
"042","mate-in-one","checkmate in one puzzle","solve","/academy#challenge","live","P0"
"043","mate-in-one","find mate in one online","solve","/academy#challenge","live","P0"
"044","mate-in-one","easy mate in one chess puzzle","solve","/academy#challenge","live","P0"
"045","mate-in-one","mate in 1 interactive","solve","/academy#challenge","live","P0"
"046","mate-in-one","chess checkmate in one for beginners","solve","/academy#challenge","live","P0"
"047","mate-in-one","one move checkmate puzzles","solve","/academy#challenge","live","P0"
"048","mate-in-one","chess mate in one with answer","solve","/academy#challenge","live","P0"
"049","mate-in-one","back rank mate in one puzzle","solve","/academy#challenge","live","P0"
"050","mate-in-one","smothered mate in one puzzle","solve","/academy#challenge","live","P0"
"051","chess-beginners","how to get better at chess as a beginner","learn","/academy","live","P1"
"052","chess-beginners","beginner chess practice plan","learn","/academy","live","P1"
"053","chess-beginners","learn chess by playing","learn","/academy","live","P1"
"054","chess-beginners","first chess tactics to learn","learn","/academy","live","P1"
"055","chess-beginners","chess training for new players","learn","/academy","live","P1"
"056","chess-beginners","how to spot checks captures threats","learn","/academy","live","P1"
"057","chess-beginners","chess board vision exercises","learn","/academy","live","P1"
"058","chess-beginners","chess lessons for beginners online","learn","/academy","live","P1"
"059","chess-beginners","how to stop hanging pieces in chess","learn","/academy","live","P1"
"060","chess-beginners","simple chess improvement routine","learn","/academy","live","P1"
"061","openings","chess opening principles for beginners","learn","/blog/opening-mastery-tactics","live","P1"
"062","openings","how to develop pieces in chess opening","learn","/blog/opening-mastery-tactics","live","P1"
"063","openings","italian game beginner plan","learn","/blog/opening-mastery-tactics","live","P1"
"064","openings","control the center in chess opening","learn","/blog/opening-mastery-tactics","live","P1"
"065","openings","how to castle safely in chess","learn","/blog/opening-mastery-tactics","live","P1"
"066","openings","best opening ideas for new chess players","learn","/blog/opening-mastery-tactics","live","P1"
"067","openings","chess opening mistakes beginners make","learn","/blog/opening-mastery-tactics","live","P1"
"068","openings","learn chess openings without memorizing","learn","/blog/opening-mastery-tactics","live","P1"
"069","openings","opening principles for rapid chess","learn","/blog/opening-mastery-tactics","live","P1"
"070","openings","simple chess opening repertoire","learn","/blog/opening-mastery-tactics","live","P1"
"071","tactics","chess fork tactics explained","learn","/academy","live","P1"
"072","tactics","chess pin tactics for beginners","learn","/academy","live","P1"
"073","tactics","chess skewer examples","learn","/academy","live","P1"
"074","tactics","how to calculate chess tactics","learn","/academy","live","P1"
"075","tactics","checks captures threats chess method","learn","/academy","live","P1"
"076","tactics","back rank mate pattern","learn","/academy","live","P1"
"077","tactics","chess discovered attack examples","learn","/academy","live","P1"
"078","tactics","chess tactical patterns to study","learn","/academy","live","P1"
"079","tactics","how to find forcing moves in chess","learn","/academy","live","P1"
"080","tactics","chess tactics training plan","learn","/academy","live","P1"
"081","blitz","3 minute blitz chess tips","learn","/blog/the-3-minute-blitz-blueprint-tactics-time-management","live","P1"
"082","blitz","how to manage time in blitz chess","learn","/blog/the-3-minute-blitz-blueprint-tactics-time-management","live","P1"
"083","blitz","blitz chess opening principles","learn","/blog/the-3-minute-blitz-blueprint-tactics-time-management","live","P1"
"084","blitz","how to stop flagging in chess","learn","/blog/the-3-minute-blitz-blueprint-tactics-time-management","live","P1"
"085","blitz","3+2 chess time control strategy","learn","/blog/the-3-minute-blitz-blueprint-tactics-time-management","live","P1"
"086","blitz","bullet chess versus blitz chess","learn","/blog/the-3-minute-blitz-blueprint-tactics-time-management","live","P1"
"087","blitz","fast chess decision making","learn","/blog/the-3-minute-blitz-blueprint-tactics-time-management","live","P1"
"088","blitz","blitz chess mistakes to avoid","learn","/blog/the-3-minute-blitz-blueprint-tactics-time-management","live","P1"
"089","blitz","how to improve at 3 minute chess","learn","/blog/the-3-minute-blitz-blueprint-tactics-time-management","live","P1"
"090","blitz","chess clock management for beginners","learn","/blog/the-3-minute-blitz-blueprint-tactics-time-management","live","P1"
"091","chess-rules","how to play chess step by step","learn","future:chess-rules-guide","planned","P1"
"092","chess-rules","chess rules for beginners","learn","future:chess-rules-guide","planned","P1"
"093","chess-rules","how does checkmate work","learn","future:chess-rules-guide","planned","P1"
"094","chess-rules","how does a chess clock work","learn","future:chess-rules-guide","planned","P1"
"095","chess-rules","what is a draw in chess","learn","future:chess-rules-guide","planned","P1"
"096","chess-rules","how does stalemate work in chess","learn","future:chess-rules-guide","planned","P1"
"097","chess-rules","how to castle in chess","learn","future:chess-rules-guide","planned","P1"
"098","chess-rules","en passant explained simply","learn","future:chess-rules-guide","planned","P1"
"099","chess-rules","chess time controls explained","learn","future:chess-rules-guide","planned","P1"
"100","chess-rules","what happens when chess clock runs out","learn","future:chess-rules-guide","planned","P1"
"101","fair-play","fair play in online chess","trust","/fair-play","live","P1"
"102","fair-play","online chess anti cheating rules","trust","/fair-play","live","P1"
"103","fair-play","is using a chess engine during a match cheating","trust","/fair-play","live","P1"
"104","fair-play","how online chess validates legal moves","trust","/fair-play","live","P1"
"105","fair-play","what to do if chess opponent cheats","trust","/fair-play","live","P1"
"106","fair-play","online chess outside assistance rules","trust","/fair-play","live","P1"
"107","fair-play","chess match disconnect rules","trust","/fair-play","live","P1"
"108","fair-play","online chess game integrity","trust","/fair-play","live","P1"
"109","fair-play","fair chess matchmaking rules","trust","/fair-play","live","P1"
"110","fair-play","how to report suspicious chess play","trust","/fair-play","live","P1"
"111","usdt-chess","usdt chess matches","evaluate","/wagers","live","P2"
"112","usdt-chess","chess wager rules","evaluate","/wagers","live","P2"
"113","usdt-chess","chess match stake calculator","evaluate","/wagers","live","P2"
"114","usdt-chess","how chess wager fees work","evaluate","/wagers","live","P2"
"115","usdt-chess","chess for usdt in telegram","evaluate","/wagers","live","P2"
"116","usdt-chess","chess wager payout example","evaluate","/wagers","live","P2"
"117","usdt-chess","chess stake risk explained","evaluate","/wagers","live","P2"
"118","usdt-chess","telegram chess wager match","evaluate","/wagers","live","P2"
"119","usdt-chess","how to withdraw chess match winnings","evaluate","/wagers","live","P2"
"120","usdt-chess","equal stake chess match","evaluate","/wagers","live","P2"
"121","mini-app","telegram chess mini app benefits","evaluate","/blog/why-telegram-mini-apps-for-chess","live","P1"
"122","mini-app","play chess without installing another app","evaluate","/blog/why-telegram-mini-apps-for-chess","live","P1"
"123","mini-app","why play chess in telegram","evaluate","/blog/why-telegram-mini-apps-for-chess","live","P1"
"124","mini-app","telegram mini app chess versus mobile app","evaluate","/blog/why-telegram-mini-apps-for-chess","live","P1"
"125","mini-app","chess matchmaking notifications in telegram","evaluate","/blog/why-telegram-mini-apps-for-chess","live","P1"
"126","mini-app","online chess inside messaging app","evaluate","/blog/why-telegram-mini-apps-for-chess","live","P1"
"127","mini-app","telegram web app chess game","evaluate","/blog/why-telegram-mini-apps-for-chess","live","P1"
"128","mini-app","how telegram chess mini apps work","evaluate","/blog/why-telegram-mini-apps-for-chess","live","P1"
"129","mini-app","chess game with telegram account","evaluate","/blog/why-telegram-mini-apps-for-chess","live","P1"
"130","mini-app","browser chess with telegram sign in","evaluate","/blog/why-telegram-mini-apps-for-chess","live","P1"
"131","spanish","jugar ajedrez en Telegram","localized","future:/es","planned","P2"
"132","spanish","ajedrez online en Telegram","localized","future:/es","planned","P2"
"133","spanish","jugar ajedrez con amigos en Telegram","localized","future:/es","planned","P2"
"134","spanish","rompecabezas de ajedrez gratis","localized","future:/es","planned","P2"
"135","spanish","mate en uno ajedrez","localized","future:/es","planned","P2"
"136","spanish","practicar ajedrez contra IA gratis","localized","future:/es","planned","P2"
"137","spanish","aprender tácticas de ajedrez","localized","future:/es","planned","P2"
"138","spanish","cómo mejorar en ajedrez rápido","localized","future:/es","planned","P2"
"139","spanish","ajedrez blitz consejos","localized","future:/es","planned","P2"
"140","spanish","reglas del ajedrez para principiantes","localized","future:/es","planned","P2"
"141","portuguese","jogar xadrez no Telegram","localized","future:/pt","planned","P2"
"142","portuguese","xadrez online no Telegram","localized","future:/pt","planned","P2"
"143","portuguese","jogar xadrez com amigos no Telegram","localized","future:/pt","planned","P2"
"144","portuguese","problemas de xadrez grátis","localized","future:/pt","planned","P2"
"145","portuguese","mate em um lance xadrez","localized","future:/pt","planned","P2"
"146","portuguese","praticar xadrez contra IA grátis","localized","future:/pt","planned","P2"
"147","portuguese","aprender táticas de xadrez","localized","future:/pt","planned","P2"
"148","portuguese","como melhorar no xadrez","localized","future:/pt","planned","P2"
"149","portuguese","dicas de xadrez blitz","localized","future:/pt","planned","P2"
"150","portuguese","regras de xadrez para iniciantes","localized","future:/pt","planned","P2"
